City_ID,City,Country,Date,Lat,Lng,Max Temp,Humidity,Cloudiness,Wind Speed
0,Margate,GB,2022-01-27 15:18:33,51.3813,1.3862,53.91,73,59,5.99
1,Shingu,JP,2022-01-27 15:18:34,33.7333,135.9833,39.49,75,3,6.71
2,Fare,PF,2022-01-27 15:18:34,-16.7,-151.0167,80.19,77,26,15.32
3,Tuktoyaktuk,CA,2022-01-27 15:18:34,69.4541,-133.0374,-18.4,76,0,10.36
4,Vestmanna,FO,2022-01-27 15:18:35,62.1564,-7.1664,36.52,70,20,6.91
5,Ushuaia,AR,2022-01-27 15:18:35,-54.8,-68.3,49.66,81,75,25.32
6,Tabou,CI,2022-01-27 15:18:35,4.423,-7.3528,84.42,64,7,9.84
7,Atuona,PF,2022-01-27 15:18:35,-9.8,-139.0333,77.86,77,33,19.06
8,Rikitea,PF,2022-01-27 15:18:36,-23.1203,-134.9692,77.68,76,34,17.56
9,Araguaina,BR,2022-01-27 15:18:36,-7.1911,-48.2072,79.45,77,100,2.46
10,Qaanaaq,GL,2022-01-27 15:18:36,77.484,-69.3632,-5.44,67,100,6.17
11,Ballina,AU,2022-01-27 15:18:36,-28.8667,153.5667,70.79,98,56,9.01
12,Ilulissat,GL,2022-01-27 15:18:37,69.2167,-51.1,-4.23,71,99,6.11
13,Tiksi,RU,2022-01-27 15:18:37,71.6872,128.8694,-9.92,94,31,10.83
14,Butaritari,KI,2022-01-27 15:18:37,3.0707,172.7902,81.32,80,27,13.44
15,Vyazemskiy,RU,2022-01-27 15:18:38,47.5378,134.7525,-6.83,99,34,5.48
16,Kimberley,ZA,2022-01-27 15:18:38,-28.7323,24.7623,91.09,27,20,5.75
17,Avarua,CK,2022-01-27 15:18:38,-21.2078,-159.775,78.85,94,75,12.66
18,Mouzouras,GR,2022-01-27 15:18:38,35.5333,24.15,50.0,62,20,5.75
19,San Policarpo,PH,2022-01-27 15:18:39,12.1791,125.5072,80.42,79,85,10.29
20,Martapura,ID,2022-01-27 15:18:39,-3.4167,114.85,80.69,89,100,3.44
21,Chicama,PE,2022-01-27 15:18:39,-7.8447,-79.1469,66.74,66,100,6.31
22,Kruisfontein,ZA,2022-01-27 15:18:39,-34.0033,24.7314,71.89,72,58,13.15
23,Mataura,NZ,2022-01-27 15:18:40,-46.1927,168.8643,43.48,91,97,2.73
24,Raga,SS,2022-01-27 15:18:40,8.4596,25.678,85.82,13,99,9.24
25,Byron Bay,AU,2022-01-27 15:18:40,-28.65,153.6167,75.15,88,69,8.95
26,Puerto Ayora,EC,2022-01-27 15:18:41,-0.7393,-90.3518,78.76,74,84,6.58
27,Chittur,IN,2022-01-27 15:18:41,10.7,76.75,83.75,61,91,6.24
28,Port Alfred,ZA,2022-01-27 15:18:41,-33.5906,26.891,77.0,83,47,12.82
29,Kailua,US,2022-01-27 15:18:41,21.4022,-157.7394,67.98,88,0,3.44
30,Iqaluit,CA,2022-01-27 15:18:42,63.7506,-68.5145,-9.31,76,100,11.99
31,Mahebourg,MU,2022-01-27 15:18:42,-20.4081,57.7,78.26,73,40,5.75
32,Constitucion,CL,2022-01-27 15:18:42,-35.3333,-72.4167,67.86,69,51,6.13
33,Okhotsk,RU,2022-01-27 15:18:43,59.3833,143.3,-7.02,76,100,16.11
34,Aleysk,RU,2022-01-27 15:18:43,52.4926,82.7822,-5.78,100,80,3.85
35,Busselton,AU,2022-01-27 15:18:43,-33.65,115.3333,62.04,63,0,15.23
36,Hvide Sande,DK,2022-01-27 15:18:43,56.0045,8.1294,43.09,78,15,40.71
37,Barrow,US,2022-01-27 15:18:44,71.2906,-156.7887,-14.78,76,0,11.5
38,Dawson Creek,CA,2022-01-27 15:15:19,55.7666,-120.2362,31.96,86,0,2.3
39,Broome,US,2022-01-27 15:18:44,42.2506,-75.833,18.19,72,0,8.01
40,Ponta Do Sol,PT,2022-01-27 15:18:44,32.6667,-17.1,61.0,72,54,3.09
41,Albany,US,2022-01-27 15:17:30,42.6001,-73.9662,20.68,64,58,1.01
42,Ribeira Grande,PT,2022-01-27 15:18:45,38.5167,-28.7,64.8,63,40,12.66
43,Arraial Do Cabo,BR,2022-01-27 15:18:45,-22.9661,-42.0278,93.16,55,0,17.27
44,Vaini,TO,2022-01-27 15:18:45,-21.2,-175.2,81.59,81,97,14.34
45,Vardo,NO,2022-01-27 15:19:45,70.3705,31.1107,17.8,83,100,8.5
46,Husavik,IS,2022-01-27 15:19:46,66.0449,-17.3389,35.51,75,70,8.86
47,New Norfolk,AU,2022-01-27 15:19:46,-42.7826,147.0587,71.1,66,94,2.95
48,Paamiut,GL,2022-01-27 15:19:46,61.994,-49.6678,17.04,91,100,19.8
49,Hermanus,ZA,2022-01-27 15:19:46,-34.4187,19.2345,76.89,72,4,11.03
50,Alamosa,US,2022-01-27 15:19:47,37.4695,-105.87,8.11,78,100,3.44
51,Hithadhoo,MV,2022-01-27 15:19:47,-0.6,73.0833,81.3,74,100,16.89
52,Oxapampa,PE,2022-01-27 15:19:47,-10.5775,-75.4017,70.63,61,100,4.16
53,Labuhan,ID,2022-01-27 15:19:48,-6.8844,112.2051,79.45,85,100,10.2
54,Surt,LY,2022-01-27 15:19:48,31.2089,16.5887,55.89,61,100,11.95
55,Mackay,AU,2022-01-27 15:15:35,-21.15,149.2,75.69,76,96,14.29
56,North Platte,US,2022-01-27 15:19:48,41.1239,-100.7654,29.37,81,0,1.99
57,Yumen,CN,2022-01-27 15:19:48,40.2833,97.2,21.33,44,14,10.11
58,Cape Town,ZA,2022-01-27 15:19:49,-33.9258,18.4232,77.11,61,75,4.0
59,Katsuura,JP,2022-01-27 15:19:49,35.1333,140.3,44.19,57,100,10.29
60,Playas,EC,2022-01-27 15:19:49,-2.6333,-80.3833,73.63,90,100,2.82
61,Rosolini,IT,2022-01-27 15:19:49,36.8242,14.9478,58.41,62,1,5.32
62,Samdari,IN,2022-01-27 15:19:50,25.8167,72.5833,62.85,24,0,4.43
63,Key Largo,US,2022-01-27 15:19:50,25.0865,-80.4473,70.02,82,88,4.34
64,Port Blair,IN,2022-01-27 15:19:50,11.6667,92.75,82.44,74,20,6.91
65,Nome,US,2022-01-27 15:16:18,64.5011,-165.4064,-9.33,64,0,10.36
66,Mar Del Plata,AR,2022-01-27 15:16:13,-38.0023,-57.5575,64.42,69,40,13.0
67,Bethel,US,2022-01-27 15:19:51,41.3712,-73.414,24.93,59,0,0.0
68,Vaitape,PF,2022-01-27 15:19:51,-16.5167,-151.75,80.33,78,81,16.31
69,Osorno,CL,2022-01-27 15:19:51,-40.5667,-73.15,81.25,47,0,3.44
70,Tasiilaq,GL,2022-01-27 15:19:52,65.6145,-37.6368,17.76,89,100,16.15
71,Naze,JP,2022-01-27 15:19:52,28.3667,129.4833,59.67,79,98,12.28
72,Hobart,AU,2022-01-27 15:19:21,-42.8794,147.3294,71.46,66,86,9.22
73,Saint-Philippe,RE,2022-01-27 15:19:52,-21.3585,55.7679,78.39,75,6,7.47
74,Coquimbo,CL,2022-01-27 15:19:52,-29.9533,-71.3436,65.93,72,75,13.8
75,La Trinitaria,MX,2022-01-27 15:19:53,16.1167,-92.05,63.63,66,31,2.53
76,Bredasdorp,ZA,2022-01-27 15:19:53,-34.5322,20.0403,74.52,53,80,11.5
77,Punta Arenas,CL,2022-01-27 15:17:13,-53.15,-70.9167,59.11,58,40,23.02
78,Ratnagiri,IN,2022-01-27 15:19:53,16.9833,73.3,74.12,66,0,12.37
79,Thanh Hoa,VN,2022-01-27 15:19:53,19.8,105.7667,69.69,92,8,2.17
80,Dikson,RU,2022-01-27 15:19:54,73.5069,80.5464,11.14,93,100,26.13
81,Richards Bay,ZA,2022-01-27 15:19:54,-28.783,32.0377,87.78,62,3,16.28
82,Riyadh,SA,2022-01-27 15:16:38,24.6877,46.7219,66.34,23,0,15.75
83,Yulara,AU,2022-01-27 15:19:54,-25.2406,130.9889,75.04,94,75,10.36
84,Mount Gambier,AU,2022-01-27 15:19:55,-37.8333,140.7667,66.11,88,100,8.05
85,Rocha,UY,2022-01-27 15:19:55,-34.4833,-54.3333,70.47,53,15,15.39
86,Jamestown,US,2022-01-27 15:15:31,42.097,-79.2353,17.71,50,0,11.01
87,Ordzhonikidze,KZ,2022-01-27 15:19:55,52.4411,61.7408,20.55,96,100,6.35
88,Camacha,PT,2022-01-27 15:19:56,33.0833,-16.3333,58.42,63,40,9.22
89,Sorland,NO,2022-01-27 15:19:56,67.667,12.6934,33.87,93,100,31.07
90,Kavieng,PG,2022-01-27 15:20:56,-2.5744,150.7967,82.09,73,97,3.18
91,Coolum Beach,AU,2022-01-27 15:20:56,-26.5333,153.1,72.34,96,94,9.69
92,Wajima,JP,2022-01-27 15:20:57,37.4,136.9,36.66,81,98,6.82
93,Balakhta,RU,2022-01-27 15:20:57,55.38,91.6,2.14,99,100,0.94
94,Hilo,US,2022-01-27 15:20:31,19.7297,-155.09,66.61,73,0,9.22
95,Pisco,PE,2022-01-27 15:20:57,-13.7,-76.2167,75.25,64,0,16.11
96,Santa Catarina De Tepehuanes,MX,2022-01-27 15:20:58,25.35,-105.7333,49.39,45,100,3.51
97,Nouadhibou,MR,2022-01-27 15:20:58,20.931,-17.0347,69.78,49,98,11.5
98,Nikolskoye,RU,2022-01-27 15:20:58,59.7035,30.7861,29.71,95,100,8.03
99,Thunder Bay,CA,2022-01-27 15:20:58,48.4001,-89.3168,5.29,59,20,18.41
100,Kulhudhuffushi,MV,2022-01-27 15:20:59,6.6221,73.07,79.84,54,16,7.11
101,Zarubino,RU,2022-01-27 15:20:59,42.63,131.0922,17.89,65,2,12.46
102,Tinskoy,RU,2022-01-27 15:20:59,56.1525,96.9161,-1.35,100,99,0.94
103,Ereymentau,KZ,2022-01-27 15:21:00,51.6199,73.1033,1.98,88,48,6.49
104,Bathsheba,BB,2022-01-27 15:21:00,13.2167,-59.5167,75.81,88,75,16.11
105,Cherskiy,RU,2022-01-27 15:21:00,68.75,161.3,-39.98,96,17,2.1
106,Basco,PH,2022-01-27 15:21:01,20.4487,121.9702,76.21,86,100,23.15
107,Golkoy,TR,2022-01-27 15:21:01,40.6875,37.6178,27.81,92,57,3.87
108,Saryozek,KZ,2022-01-27 15:21:01,44.3583,77.9753,16.21,83,5,3.69
109,Alyangula,AU,2022-01-27 15:21:02,-13.8483,136.4192,84.09,77,100,17.87
110,Phuket,TH,2022-01-27 15:19:26,8.0,98.25,80.82,83,20,2.3
111,Kapaa,US,2022-01-27 15:21:03,22.0752,-159.319,71.92,79,100,3.44
112,Vila Franca Do Campo,PT,2022-01-27 15:21:03,37.7167,-25.4333,61.21,70,53,12.8
113,Aklavik,CA,2022-01-27 15:21:03,68.2191,-135.0107,-5.8,71,100,8.05
114,Damietta,EG,2022-01-27 15:21:04,31.4165,31.8133,53.87,67,93,16.35
115,Faanui,PF,2022-01-27 15:21:04,-16.4833,-151.75,80.35,78,81,16.28
116,Narsaq,GL,2022-01-27 15:21:04,60.9167,-46.05,25.02,67,100,23.58
117,Upernavik,GL,2022-01-27 15:21:04,72.7868,-56.1549,-8.48,89,56,7.96
118,Torbay,CA,2022-01-27 15:21:05,47.6666,-52.7314,24.58,80,75,14.97
119,Amahai,ID,2022-01-27 15:21:05,-3.3333,128.9167,79.63,84,81,0.78
120,Esperance,AU,2022-01-27 15:21:05,-33.8667,121.9,64.04,83,57,10.09
121,Aksu,CN,2022-01-27 15:21:06,41.1231,80.2644,25.66,44,0,3.89
122,Norman Wells,CA,2022-01-27 15:21:06,65.282,-126.8329,-2.16,84,75,0.0
123,Bluff,NZ,2022-01-27 15:21:06,-46.6,168.3333,43.81,76,95,5.55
124,Merritt Island,US,2022-01-27 15:21:06,28.5392,-80.672,70.09,83,75,14.97
125,Kodiak,US,2022-01-27 15:21:07,57.79,-152.4072,35.11,87,100,10.36
126,Gat,IL,2022-01-27 15:17:00,31.61,34.7642,50.92,100,47,14.27
127,Cayenne,GF,2022-01-27 15:21:07,4.9333,-52.3333,73.44,94,75,4.61
128,Kavaratti,IN,2022-01-27 15:21:07,10.5669,72.642,78.91,69,79,10.16
129,Nantucket,US,2022-01-27 15:20:27,41.2835,-70.0995,29.08,68,20,6.91
130,Hambantota,LK,2022-01-27 15:21:08,6.1241,81.1185,77.56,69,100,19.24
131,Ancud,CL,2022-01-27 15:21:08,-41.8697,-73.8203,74.73,51,0,4.72
132,Fukue,JP,2022-01-27 15:21:08,32.6881,128.8419,49.06,55,50,14.45
133,Jalu,LY,2022-01-27 15:21:08,29.0331,21.5482,57.45,44,11,12.33
134,Poum,NC,2022-01-27 15:21:09,-20.2333,164.0167,81.34,77,95,12.5
135,Ostashkov,RU,2022-01-27 15:21:09,57.1467,33.1075,20.16,94,100,9.6
136,Bubaque,GW,2022-01-27 15:21:09,11.2833,-15.8333,79.25,61,11,8.16
137,Upata,VE,2022-01-27 15:21:09,8.0086,-62.3989,83.88,37,100,5.01
138,Severo-Yeniseyskiy,RU,2022-01-27 15:22:10,60.3725,93.0408,-10.86,100,84,3.13
139,Inverell,AU,2022-01-27 15:22:10,-29.7833,151.1167,69.67,89,99,4.9
140,Ekhabi,RU,2022-01-27 15:22:10,53.5102,142.9671,-14.62,100,79,9.66
141,Izhma,RU,2022-01-27 15:22:11,65.0083,53.9113,0.57,98,56,5.06
142,Oxbow,CA,2022-01-27 15:22:11,49.2333,-102.1676,-4.05,83,48,5.46
143,General Pico,AR,2022-01-27 15:22:11,-35.6566,-63.7568,69.62,45,13,9.24
144,Linguere,SN,2022-01-27 15:22:12,15.3953,-15.1193,93.42,22,0,4.61
145,Portland,US,2022-01-27 15:20:50,45.5234,-122.6762,39.2,73,20,1.99
146,Castro,BR,2022-01-27 15:22:12,-24.7911,-50.0119,74.91,85,94,7.45
147,Otukpo,NG,2022-01-27 15:22:12,7.1913,8.1329,97.0,10,49,6.67
148,Altay,CN,2022-01-27 15:22:13,47.8667,88.1167,1.51,84,89,6.44
149,Sinnamary,GF,2022-01-27 15:22:13,5.3833,-52.95,79.21,80,81,10.58
150,Roald,NO,2022-01-27 15:22:13,62.5833,6.1333,42.01,75,75,20.71
151,Thompson,CA,2022-01-27 15:22:13,55.7435,-97.8558,-25.44,75,0,6.91
152,East London,ZA,2022-01-27 15:22:14,-33.0153,27.9116,79.74,83,75,5.75
153,Vao,NC,2022-01-27 15:22:14,-22.6667,167.4833,77.85,85,33,11.88
154,Gigmoto,PH,2022-01-27 15:22:14,13.7796,124.39,78.06,85,99,8.79
155,Hualmay,PE,2022-01-27 15:22:16,-11.0964,-77.6139,73.35,78,100,9.28
156,Hervey Bay,AU,2022-01-27 15:22:16,-25.2986,152.8535,70.03,74,98,12.1
157,Gushikawa,JP,2022-01-27 15:22:16,26.3544,127.8686,65.62,93,0,3.44
158,Berdigestyakh,RU,2022-01-27 15:22:17,62.0989,126.6992,-25.74,100,99,1.92
159,Skelleftea,SE,2022-01-27 15:22:17,64.7507,20.9528,26.01,69,100,5.75
160,Codrington,AU,2022-01-27 15:22:17,-38.2667,141.9667,69.33,91,6,3.06
161,Fort Nelson,CA,2022-01-27 15:22:17,58.8053,-122.7002,20.79,93,100,2.3
162,Bhag,PK,2022-01-27 15:22:18,29.0415,67.8239,62.22,33,0,2.21
163,Whyalla,AU,2022-01-27 15:22:18,-33.0333,137.5833,72.84,80,96,19.64
164,De Aar,ZA,2022-01-27 15:22:18,-30.6497,24.0123,94.05,13,18,11.83
165,Kongoussi,BF,2022-01-27 15:22:18,13.3258,-1.5347,90.12,9,3,10.16
166,San Patricio,US,2022-01-27 15:22:19,28.017,-97.5169,55.26,71,100,7.92
167,Yellowknife,CA,2022-01-27 15:22:19,62.456,-114.3525,-5.28,84,20,4.61
168,Khatanga,RU,2022-01-27 15:22:19,71.9667,102.5,8.38,87,100,16.84
169,Vanimo,PG,2022-01-27 15:22:19,-2.6741,141.3028,78.73,86,100,2.46
170,Maragogi,BR,2022-01-27 15:22:20,-9.0122,-35.2225,85.51,60,19,9.22
171,Sao Filipe,CV,2022-01-27 15:22:20,14.8961,-24.4956,74.12,71,92,14.72
172,Hilton Head Island,US,2022-01-27 15:22:20,32.2163,-80.7526,44.01,70,0,14.97
173,Cacador,BR,2022-01-27 15:22:21,-26.7753,-51.015,73.56,95,100,2.13
174,College,US,2022-01-27 15:20:39,64.8569,-147.8028,-12.42,72,40,4.61
175,Buala,SB,2022-01-27 15:22:21,-8.145,159.5921,78.15,87,100,7.0
176,Half Moon Bay,US,2022-01-27 15:22:21,37.4636,-122.4286,52.75,83,0,0.0
177,Moerai,PF,2022-01-27 15:22:22,-22.4333,-151.3333,79.03,80,60,14.09
178,Kaitangata,NZ,2022-01-27 15:22:22,-46.2817,169.8464,45.93,83,100,3.11
179,Mount Isa,AU,2022-01-27 15:22:22,-20.7333,139.5,76.77,88,40,8.05
180,Oistins,BB,2022-01-27 15:20:18,13.0667,-59.5333,75.29,88,75,16.11
181,Te Anau,NZ,2022-01-27 15:22:22,-45.4167,167.7167,43.45,84,100,0.47
182,Sabang,ID,2022-01-27 15:22:23,5.8933,95.3214,82.58,71,32,4.41
183,Sitka,US,2022-01-27 15:22:23,57.0531,-135.33,42.69,65,100,13.8
184,Carnarvon,AU,2022-01-27 15:23:23,-24.8667,113.6333,75.27,88,75,10.36
185,Strezhevoy,RU,2022-01-27 15:23:23,60.7333,77.5889,1.38,96,100,10.25
186,Ust-Kuyga,RU,2022-01-27 15:23:24,70.0167,135.6,-10.55,98,100,8.41
187,Ambilobe,MG,2022-01-27 15:23:24,-13.2,49.05,77.14,85,44,1.74
188,Westport,US,2022-01-27 15:19:35,41.1415,-73.3579,26.98,61,0,1.01
189,Luanda,AO,2022-01-27 15:22:27,-8.8368,13.2343,81.05,67,95,9.44
190,Port Elizabeth,ZA,2022-01-27 15:23:24,-33.918,25.5701,75.49,83,75,9.22
191,Karratha,AU,2022-01-27 15:23:25,-20.7377,116.8463,80.62,68,56,19.73
192,Alofi,NU,2022-01-27 15:23:25,-19.0595,-169.9187,76.89,94,89,4.61
193,Puerto Escondido,MX,2022-01-27 15:23:25,15.85,-97.0667,77.83,88,0,5.75
194,Saint-Joseph,RE,2022-01-27 15:23:25,-21.3667,55.6167,77.38,75,9,7.27
195,Nizwa,OM,2022-01-27 15:23:26,22.9333,57.5333,73.31,31,0,5.28
196,Ossora,RU,2022-01-27 15:23:26,59.2353,163.0719,30.83,97,100,28.9
197,Lithakia,GR,2022-01-27 15:23:26,37.7167,20.8333,53.02,58,40,4.61
198,Kungurtug,RU,2022-01-27 15:23:26,50.5994,97.5228,-11.02,97,100,1.45
199,Victoria,HK,2022-01-27 15:23:27,22.2855,114.1577,69.94,90,8,8.99
200,Mehamn,NO,2022-01-27 15:23:27,71.0357,27.8492,26.78,89,100,4.16
201,Yar-Sale,RU,2022-01-27 15:23:27,66.8333,70.8333,1.58,95,100,8.01
202,Kloulklubed,PW,2022-01-27 15:23:28,7.0419,134.2556,79.3,78,92,16.04
203,Lere,NG,2022-01-27 15:23:28,10.387,8.5726,87.35,13,17,8.68
204,Pachino,IT,2022-01-27 15:23:28,36.7186,15.0907,59.59,59,0,7.65
205,Bambous Virieux,MU,2022-01-27 15:23:28,-20.3428,57.7575,78.22,73,40,5.75
206,Puurs,BE,2022-01-27 15:19:22,51.075,4.29,50.05,93,75,8.01
207,Axim,GH,2022-01-27 15:23:29,4.8699,-2.2405,85.3,63,25,11.61
208,Samarai,PG,2022-01-27 15:23:29,-10.6167,150.6667,81.37,79,100,8.41
209,Edmundston,CA,2022-01-27 15:18:44,47.3737,-68.3251,-9.47,69,0,1.14
210,Severo-Kurilsk,RU,2022-01-27 15:23:29,50.6789,156.125,24.37,67,91,35.12
211,Tura,IN,2022-01-27 15:23:29,25.5198,90.2201,53.91,57,0,0.65
212,Asau,RO,2022-01-27 15:23:30,46.4333,26.4,34.72,83,97,6.38
213,Yenagoa,NG,2022-01-27 15:23:30,4.9247,6.2642,97.36,26,36,2.55
214,Dabat,ET,2022-01-27 15:23:31,12.9842,37.765,65.53,30,70,5.88
215,Adrar,MR,2022-01-27 15:23:31,20.5022,-10.0711,83.32,7,96,13.4
216,Talnakh,RU,2022-01-27 15:23:31,69.4865,88.3972,-0.8,94,100,15.82
217,Sahuaripa,MX,2022-01-27 15:23:31,29.05,-109.2333,55.71,38,63,3.67
218,Ishigaki,JP,2022-01-27 15:23:32,24.3448,124.1572,71.49,72,29,4.29
219,Honolulu,US,2022-01-27 15:22:57,21.3069,-157.8583,67.82,88,0,5.75
220,Saskylakh,RU,2022-01-27 15:23:32,71.9167,114.0833,-2.4,80,47,10.13
221,Baruun-Urt,MN,2022-01-27 15:23:32,46.6806,113.2792,-6.84,96,7,5.48
222,Fushun,CN,2022-01-27 15:23:32,41.8558,123.9233,6.51,78,0,1.95
223,Zhigansk,RU,2022-01-27 15:23:33,66.7697,123.3711,-24.25,100,84,6.8
224,Port Lincoln,AU,2022-01-27 15:23:33,-34.7333,135.8667,65.71,88,0,9.69
225,Hami,CN,2022-01-27 15:23:33,42.8,93.45,24.37,42,2,2.35
226,Porto Novo,BJ,2022-01-27 15:23:34,6.4965,2.6036,87.62,49,93,10.8
227,Clyde River,CA,2022-01-27 15:20:35,70.4692,-68.5914,-7.37,77,100,20.71
228,Alenquer,BR,2022-01-27 15:23:34,-1.9417,-54.7383,79.14,81,94,1.72
229,Stokmarknes,NO,2022-01-27 15:23:34,68.5646,14.9108,31.98,93,100,4.61
230,Whithorn,JM,2022-01-27 15:23:34,18.2604,-78.0378,79.86,59,7,6.96
231,Xuddur,SO,2022-01-27 15:23:35,4.1213,43.8894,86.23,22,100,11.1
232,Pitimbu,BR,2022-01-27 15:24:35,-7.4706,-34.8086,81.19,67,32,8.99
233,Qurayyat,SA,2022-01-27 15:24:35,31.3318,37.3428,44.78,70,75,4.61
234,Fortuna,US,2022-01-27 15:24:36,40.5982,-124.1573,36.52,100,0,11.5
235,Paraiso,CR,2022-01-27 15:24:36,9.8383,-83.8656,74.88,43,7,5.06
236,Mantua,IT,2022-01-27 15:24:36,45.1667,10.7833,46.71,69,64,4.59
237,Maltahohe,NA,2022-01-27 15:21:20,-24.8333,16.9833,91.38,19,89,3.29
238,Chuy,UY,2022-01-27 15:24:36,-33.6971,-53.4616,73.22,50,2,15.82
239,Chokurdakh,RU,2022-01-27 15:24:37,70.6333,147.9167,-25.67,91,36,12.73
240,Sipovo,BA,2022-01-27 15:24:37,44.2814,17.0839,39.47,93,100,4.45
241,Amga,RU,2022-01-27 15:24:37,60.8953,131.9608,-38.15,100,39,1.07
242,Zyryanka,RU,2022-01-27 15:24:37,65.75,150.85,-39.59,99,100,3.22
243,Urucui,BR,2022-01-27 15:24:38,-7.2294,-44.5561,82.42,65,100,7.4
244,Oranjestad,AW,2022-01-27 15:24:38,12.524,-70.027,78.84,73,36,18.05
245,Klaksvik,FO,2022-01-27 15:24:38,62.2266,-6.589,38.32,66,90,11.36
246,Valparaiso,CL,2022-01-27 15:24:39,-33.0393,-71.6273,65.48,73,100,8.05
247,San Cristobal,VE,2022-01-27 15:24:39,7.7669,-72.225,73.58,51,83,1.28
248,Melilla,ES,2022-01-27 15:24:39,35.2937,-2.9383,62.8,55,0,5.75
249,San Pedro De Ycuamandiyu,PY,2022-01-27 15:24:39,-24.0917,-57.0764,78.37,83,100,4.76
250,Morehead,US,2022-01-27 15:24:40,37.2711,-87.1764,32.99,62,100,0.0
251,Beecher,US,2022-01-27 15:24:40,43.09,-83.6944,21.38,63,100,4.0
252,Kaka,TM,2022-01-27 15:24:40,37.3482,59.6143,58.77,34,100,4.32
253,Hofn,IS,2022-01-27 15:24:40,64.2539,-15.2082,28.42,69,40,8.05
254,Belmonte,BR,2022-01-27 15:24:41,-15.8631,-38.8828,84.7,63,100,5.17
255,Pachperwa,IN,2022-01-27 15:24:41,27.5167,82.65,54.23,72,1,7.54
256,Ust-Ilimsk,RU,2022-01-27 15:24:41,58.0006,102.6619,-15.02,100,95,2.15
257,Kapit,MY,2022-01-27 15:24:42,2.0167,112.9333,71.96,99,100,1.32
258,Cidreira,BR,2022-01-27 15:24:42,-30.1811,-50.2056,74.16,84,100,17.45
259,Tautira,PF,2022-01-27 15:24:42,-17.7333,-149.15,77.02,77,26,15.55
260,Altamont,US,2022-01-27 15:24:42,42.2068,-121.7372,26.4,75,1,1.01
261,Bontang,ID,2022-01-27 15:24:43,0.1333,117.5,80.01,81,97,2.04
262,Muros,ES,2022-01-27 15:24:43,42.7762,-9.0603,63.09,48,0,0.47
263,Topolobampo,MX,2022-01-27 15:24:43,25.6,-109.05,55.31,88,0,3.44
264,Praia,CV,2022-01-27 15:24:43,14.9215,-23.5087,73.94,64,75,28.77
265,Ucluelet,CA,2022-01-27 15:24:44,48.9329,-125.5528,28.71,61,44,6.76
266,Cabo San Lucas,MX,2022-01-27 15:20:58,22.8909,-109.9124,66.51,57,40,3.44
267,Harper,LR,2022-01-27 15:24:44,4.375,-7.7169,84.0,65,24,8.77
268,Svetlogorsk,BY,2022-01-27 15:24:44,52.6333,29.7333,31.84,94,100,9.78
269,Kurilsk,RU,2022-01-27 15:24:44,45.2333,147.8833,23.97,67,100,12.62
270,Bengkulu,ID,2022-01-27 15:24:45,-3.8004,102.2655,78.08,85,100,3.13
271,Kalispell,US,2022-01-27 15:24:45,48.1958,-114.3129,17.49,87,100,0.0
272,Tezu,IN,2022-01-27 15:24:45,27.9167,96.1667,55.8,91,87,3.71
273,Omboue,GA,2022-01-27 15:24:46,-1.5746,9.2618,83.1,69,100,8.81
274,North Myrtle Beach,US,2022-01-27 15:24:46,33.816,-78.68,41.05,42,0,12.66
275,Sherbakul,RU,2022-01-27 15:24:46,54.6316,72.3963,-0.33,93,74,6.33
276,Haines Junction,CA,2022-01-27 15:24:46,60.7522,-137.5108,10.35,92,100,1.14
277,Saint-Augustin,CA,2022-01-27 15:24:47,51.226,-58.6502,-8.37,78,4,4.43
278,Kikwit,CD,2022-01-27 15:24:47,-5.041,18.8162,88.66,49,34,3.42
279,Olafsvik,IS,2022-01-27 15:24:47,64.8945,-23.7142,37.76,70,100,20.36
280,Georgetown,MY,2022-01-27 15:22:13,5.4112,100.3354,83.95,83,20,3.44
281,Santiago,CL,2022-01-27 15:25:47,-33.4569,-70.6483,80.29,47,0,5.75
282,Vostok,RU,2022-01-27 15:25:48,46.4856,135.8833,-8.81,99,100,4.94
283,Ailigandi,PA,2022-01-27 15:25:48,9.2333,-78.0167,79.57,80,64,13.18
284,Arkhipo-Osipovka,RU,2022-01-27 15:25:48,44.37,38.52,31.86,80,92,4.59
285,Puerto Carreno,CO,2022-01-27 15:24:12,6.189,-67.4859,87.78,42,0,13.8
286,Acarau,BR,2022-01-27 15:25:49,-2.8856,-40.12,82.72,68,100,11.72
287,Aransas Pass,US,2022-01-27 15:25:49,27.9095,-97.15,55.63,87,75,7.0
288,Morshansk,RU,2022-01-27 15:25:49,53.4435,41.8107,-0.17,100,75,4.05
289,Barahona,DO,2022-01-27 15:24:52,18.2085,-71.1008,84.02,65,40,9.22
290,Tebingtinggi,ID,2022-01-27 15:25:49,3.3285,99.1625,79.11,93,27,0.74
291,Benghazi,LY,2022-01-27 15:25:50,32.1167,20.0667,56.95,58,48,11.5
292,Mao,ES,2022-01-27 15:25:50,39.8885,4.2658,57.76,77,20,6.91
293,Anadyr,RU,2022-01-27 15:25:50,64.75,177.4833,5.5,85,100,6.71
294,Balikpapan,ID,2022-01-27 15:25:51,-1.2675,116.8289,77.99,89,20,2.3
295,Mackenzie,CA,2022-01-27 15:25:51,55.2999,-123.1698,3.42,92,0,6.91
296,Kyabe,TD,2022-01-27 15:25:51,9.4515,18.9449,93.79,10,98,8.39
297,Turbat,PK,2022-01-27 15:25:51,26.0023,63.044,68.79,20,0,5.26
298,Inhambane,MZ,2022-01-27 15:25:52,-23.865,35.3833,82.15,71,40,9.08
299,Forestville,US,2022-01-27 15:25:52,38.8451,-76.875,29.52,54,0,8.05
300,Vila Velha,BR,2022-01-27 15:25:12,-20.3297,-40.2925,89.55,58,0,13.0
301,Xichang,CN,2022-01-27 15:25:52,27.8964,102.2634,45.37,92,41,2.84
302,Teutonia,BR,2022-01-27 15:25:52,-29.4481,-51.8064,73.94,94,100,3.0
303,Taitung,TW,2022-01-27 15:25:53,22.7583,121.1444,72.03,86,93,6.98
304,Bidar,IN,2022-01-27 15:25:53,17.9,77.55,67.08,40,0,9.33
305,Pevek,RU,2022-01-27 15:25:53,69.7008,170.3133,-28.86,100,27,2.35
306,Sept-Iles,CA,2022-01-27 15:21:58,50.2001,-66.3821,-0.94,64,75,1.99
307,Lorengau,PG,2022-01-27 15:25:54,-2.0226,147.2712,80.06,80,99,4.12
308,Tuatapere,NZ,2022-01-27 15:25:54,-46.1333,167.6833,43.83,85,100,3.94
309,Tshikapa,CD,2022-01-27 15:25:54,-6.4167,20.8,83.26,66,99,3.33
310,Zhanakorgan,KZ,2022-01-27 15:25:54,43.9098,67.2495,33.89,55,100,8.59
311,Saldanha,ZA,2022-01-27 15:21:28,-33.0117,17.9442,75.25,79,0,23.64
312,Saint-Louis,SN,2022-01-27 15:25:55,16.3333,-15.0,87.44,18,69,8.88
313,Musoma,TZ,2022-01-27 15:25:55,-1.5,33.8,77.5,57,66,10.31
314,Najran,SA,2022-01-27 15:25:55,17.4924,44.1277,77.65,20,0,10.13
315,Galle,LK,2022-01-27 15:25:55,6.0367,80.217,78.08,75,100,4.76
316,Rayon,MX,2022-01-27 15:25:56,19.1444,-99.5836,56.3,59,54,1.19
317,Saint George,US,2022-01-27 15:25:56,37.1041,-113.5841,41.34,59,0,3.44
318,Piranshahr,IR,2022-01-27 15:25:56,36.701,45.1413,23.31,93,91,5.97
319,Moron,AR,2022-01-27 15:25:57,-34.6534,-58.6198,72.01,52,49,9.46
320,Moissac,FR,2022-01-27 15:25:57,44.1024,1.0945,49.91,54,0,6.49
321,Lebu,CL,2022-01-27 15:25:57,-37.6167,-73.65,66.45,71,1,6.73
322,Tessalit,ML,2022-01-27 15:25:57,20.1986,1.0114,77.41,11,32,12.57
323,Sao Gabriel Da Cachoeira,BR,2022-01-27 15:25:58,-0.1303,-67.0892,82.2,74,0,5.75
324,Mabai,CN,2022-01-27 15:25:58,23.0128,104.4508,51.67,97,7,2.46
325,Curup,ID,2022-01-27 15:25:58,-3.4667,102.5333,69.13,97,100,1.97
326,Aktas,KZ,2022-01-27 15:25:58,49.7789,72.9608,-0.65,95,22,4.25
327,Wanning,CN,2022-01-27 15:25:59,18.8003,110.3967,71.29,91,34,5.59
328,Miranda,CO,2022-01-27 15:26:59,3.2499,-76.2281,75.33,85,94,3.74
329,San Martin,AR,2022-01-27 15:26:59,-33.081,-68.4681,68.54,61,83,15.3
330,Beloha,MG,2022-01-27 15:27:00,-25.1667,45.05,78.19,57,0,18.45
331,Tibati,CM,2022-01-27 15:27:00,6.4667,12.6333,91.76,12,78,6.04
332,Jinchang,CN,2022-01-27 15:27:00,38.4953,102.1739,23.72,45,100,4.5
333,Wladyslawowo,PL,2022-01-27 15:27:01,54.7909,18.4009,42.35,79,100,31.47
334,San Lazaro,BZ,2022-01-27 15:27:01,18.0387,-88.6622,76.71,86,80,4.5
335,Nova Olimpia,BR,2022-01-27 15:24:48,-14.7972,-57.2881,84.07,73,98,3.2
336,Charters Towers,AU,2022-01-27 15:25:11,-20.1,146.2667,73.17,95,100,13.96
337,Turan,VN,2022-01-27 15:27:01,16.0678,108.2208,73.45,88,40,1.14
338,Abapo,BO,2022-01-27 15:27:02,-18.8333,-63.4667,80.67,55,100,4.83
339,Lewiston,US,2022-01-27 15:23:59,44.1003,-70.2148,14.23,51,0,0.0
340,Toamasina,MG,2022-01-27 15:27:02,-18.1667,49.3833,80.6,69,40,9.22
341,Buta,CD,2022-01-27 15:27:02,2.7858,24.73,96.82,18,82,3.24
342,Makakilo City,US,2022-01-27 15:27:02,21.3469,-158.0858,66.52,85,0,4.61
343,Bosaso,SO,2022-01-27 15:27:03,11.2842,49.1816,75.92,61,100,8.19
344,Winnemucca,US,2022-01-27 15:23:38,40.973,-117.7357,14.05,85,0,5.75
345,Leningradskiy,RU,2022-01-27 15:27:03,69.3833,178.4167,-15.16,89,97,2.08
346,Beringovskiy,RU,2022-01-27 15:27:03,63.05,179.3167,6.64,98,100,3.87
347,Prince Rupert,CA,2022-01-27 15:27:04,54.3161,-130.3201,38.89,93,0,4.61
348,Provideniya,RU,2022-01-27 15:27:04,64.3833,-173.3,-3.87,94,68,2.08
349,Port Hedland,AU,2022-01-27 15:27:04,-20.3167,118.5667,82.45,74,40,14.97
350,Guaca,CO,2022-01-27 15:27:04,6.8762,-72.8559,65.48,45,83,2.95
351,Verkhnyaya Inta,RU,2022-01-27 15:27:05,65.9811,60.3094,7.38,96,94,7.25
352,Berlevag,NO,2022-01-27 15:27:05,70.8578,29.0864,17.55,79,0,11.5
353,Urumqi,CN,2022-01-27 15:27:05,43.801,87.6005,-3.05,85,47,2.24
354,Ahmadpur Sial,PK,2022-01-27 15:27:06,30.6754,71.7483,58.87,30,0,6.24
355,Deputatskiy,RU,2022-01-27 15:27:06,69.3,139.9,-10.03,97,99,4.38
356,Havelock,US,2022-01-27 15:27:06,34.8791,-76.9013,40.95,70,7,3.0
357,Ginda,IN,2022-01-27 15:27:06,30.6945,78.4932,34.52,63,6,4.65
358,Lufilufi,WS,2022-01-27 15:27:07,-13.8745,-171.5986,76.78,76,63,10.71
359,Mbour,SN,2022-01-27 15:27:07,14.422,-16.9638,83.25,32,15,8.41
360,Faya,SA,2022-01-27 15:27:07,18.3851,42.4509,62.71,63,6,6.53
361,Xining,CN,2022-01-27 15:27:08,36.6167,101.7667,15.53,89,100,3.2
362,Seidu,SL,2022-01-27 15:27:08,9.0167,-10.6,93.36,15,9,4.18
363,Arlit,NE,2022-01-27 15:27:08,18.7369,7.3853,77.27,11,97,3.02
364,Acari,PE,2022-01-27 15:27:08,-15.4311,-74.6158,78.6,60,98,7.9
365,Akyab,MM,2022-01-27 15:27:09,20.15,92.9,71.92,68,0,12.57
366,Houma,US,2022-01-27 15:27:09,29.5958,-90.7195,48.99,66,0,8.05
367,Bruchsal,DE,2022-01-27 15:22:17,49.1281,8.5836,42.24,74,100,13.89
368,Los Llanos De Aridane,ES,2022-01-27 15:28:09,28.6585,-17.9182,60.55,80,75,5.01
369,Santa Cruz Cabralia,BR,2022-01-27 15:28:10,-16.2781,-39.0247,84.43,70,40,6.91
370,Souillac,MU,2022-01-27 15:23:57,-20.5167,57.5167,78.37,73,40,5.75
371,Birao,CF,2022-01-27 15:28:10,10.2849,22.7882,88.27,11,76,12.39
372,Sur,OM,2022-01-27 15:28:10,22.5667,59.5289,71.46,42,0,6.24
373,Sioux Lookout,CA,2022-01-27 15:28:10,50.1001,-91.917,-5.42,77,20,13.8
374,Athabasca,CA,2022-01-27 15:28:11,54.7169,-113.2854,16.12,95,100,6.13
375,Hasaki,JP,2022-01-27 15:28:11,35.7333,140.8333,39.6,51,100,10.0
376,Oriximina,BR,2022-01-27 15:28:11,-1.7656,-55.8661,80.04,85,92,1.25
377,Buraydah,SA,2022-01-27 15:28:11,26.326,43.975,61.25,23,0,10.47
378,Totma,RU,2022-01-27 15:28:12,59.9747,42.7642,11.68,96,100,6.85
379,Srednekolymsk,RU,2022-01-27 15:28:12,67.45,153.6833,-43.29,100,60,0.69
380,Salalah,OM,2022-01-27 15:28:12,17.0151,54.0924,75.29,64,40,6.91
381,Cody,US,2022-01-27 15:25:54,44.5263,-109.0565,21.2,87,20,0.0
382,Luwingu,ZM,2022-01-27 15:28:13,-10.2621,29.9271,68.07,92,100,7.05
383,Killybegs,IE,2022-01-27 15:28:13,54.6333,-8.45,49.71,72,46,11.7
384,Darhan,MN,2022-01-27 15:28:13,49.4867,105.9228,-11.67,97,10,3.06
385,Strelka,RU,2022-01-27 15:28:13,58.0728,93.0344,0.23,100,100,1.74
386,Ixtapa,MX,2022-01-27 15:28:14,20.7,-105.2,70.23,94,100,4.61
387,Ust-Nera,RU,2022-01-27 15:28:14,64.5667,143.2,-40.05,96,32,0.85
388,Touros,BR,2022-01-27 15:28:14,-5.1989,-35.4608,79.7,59,35,12.06
389,Lamont,US,2022-01-27 15:28:15,35.2597,-118.9143,55.08,32,0,1.68
390,Calama,CL,2022-01-27 15:28:15,-22.4667,-68.9333,70.29,26,81,14.97
391,Panaba,MX,2022-01-27 15:28:15,21.2833,-88.2667,77.58,72,16,7.34
392,Yangambi,CD,2022-01-27 15:28:15,0.8102,24.4336,93.7,27,93,1.59
393,Siirt,TR,2022-01-27 15:28:16,37.9326,41.9403,34.21,99,100,1.28
394,Simoes,BR,2022-01-27 15:28:16,-7.5989,-40.8178,90.84,37,96,9.08
395,Sulangan,PH,2022-01-27 15:28:16,11.1373,123.7228,80.53,84,89,13.18
396,Sorong,ID,2022-01-27 15:28:16,-0.8833,131.25,82.2,79,75,13.15
397,Sisimiut,GL,2022-01-27 15:28:17,66.9395,-53.6735,4.68,85,100,11.97
398,Koslan,RU,2022-01-27 15:27:37,63.4564,48.8989,6.3,97,99,4.36
399,Grand Gaube,MU,2022-01-27 15:28:17,-20.0064,57.6608,78.39,66,25,3.0
400,Ust-Omchug,RU,2022-01-27 15:28:17,61.15,149.6333,-15.9,99,100,8.21
401,Diffa,NE,2022-01-27 15:28:18,13.3154,12.6113,77.56,19,53,17.2
402,Campbell River,CA,2022-01-27 15:28:18,50.0163,-125.2446,30.45,100,100,2.3
403,Quatre Cocos,MU,2022-01-27 15:28:18,-20.2078,57.7625,78.1,71,28,12.48
404,Sikasso,ML,2022-01-27 15:28:18,10.9167,-7.0,97.14,8,2,0.67
405,Alberton,CA,2022-01-27 15:28:19,46.8168,-64.0654,6.71,80,13,7.23
406,Shenjiamen,CN,2022-01-27 15:28:19,29.9576,122.298,45.54,83,100,17.0
407,Misratah,LY,2022-01-27 15:28:19,32.3754,15.0925,56.53,58,100,11.03
408,Moussoro,TD,2022-01-27 15:28:19,13.6408,16.4901,81.41,13,50,18.66
409,Arkansas City,US,2022-01-27 15:26:07,37.062,-97.0384,28.62,86,40,3.44
410,Kovdor,RU,2022-01-27 15:28:20,67.5662,30.4758,6.24,99,99,1.5
411,Angoche,MZ,2022-01-27 15:28:20,-16.2325,39.9086,79.9,75,21,9.89
412,Manicore,BR,2022-01-27 15:28:20,-5.8092,-61.3003,76.53,90,100,0.51
413,Sao Joao Da Barra,BR,2022-01-27 15:28:21,-21.6403,-41.0511,89.69,71,0,10.58
414,Minna,NG,2022-01-27 15:28:21,9.6139,6.5569,97.11,10,16,1.79
415,Mikuni,JP,2022-01-27 15:29:21,36.2171,136.1519,31.91,68,80,4.18
416,Yashkino,RU,2022-01-27 15:29:21,55.8736,85.4265,-4.85,100,89,3.27
417,Gornopravdinsk,RU,2022-01-27 15:29:22,60.05,69.9,15.85,92,100,9.42
418,Bongandanga,CD,2022-01-27 15:28:44,1.5,21.05,95.67,19,77,3.8
419,Lagoa,PT,2022-01-27 15:29:22,39.05,-27.9833,59.09,76,45,12.44
420,Tiznit,MA,2022-01-27 15:29:22,29.5833,-9.5,63.52,30,58,22.06
421,Rantepao,ID,2022-01-27 15:29:23,-2.9701,119.8978,68.4,96,100,2.59
422,Pacific Grove,US,2022-01-27 15:29:23,36.6177,-121.9166,52.27,70,0,0.0
423,Goderich,CA,2022-01-27 15:29:23,43.7501,-81.7165,23.92,73,100,21.85
424,Mineiros,BR,2022-01-27 15:29:23,-17.5694,-52.5511,80.31,65,89,8.46
425,Manoharpur,IN,2022-01-27 15:29:24,27.3,75.95,56.35,43,0,4.41
426,Marand,IR,2022-01-27 15:29:24,38.4329,45.7749,26.94,97,100,1.25
427,Derzhavinsk,KZ,2022-01-27 15:29:24,51.1,66.3167,9.93,91,100,4.54
428,San-Pedro,CI,2022-01-27 15:29:25,4.7485,-6.6363,85.62,61,47,10.89
429,Bose,IT,2022-01-27 15:29:25,45.4612,8.0137,57.96,55,100,1.52
430,Cairns,AU,2022-01-27 15:29:25,-16.9167,145.7667,78.75,97,40,3.44
431,Tanta,EG,2022-01-27 15:29:25,30.7885,31.0019,52.2,63,83,7.61
432,Cururupu,BR,2022-01-27 15:29:26,-1.8283,-44.8683,72.48,97,99,4.34
433,Hamilton,US,2022-01-27 15:26:26,39.1834,-84.5333,27.61,58,75,3.0
434,Ylivieska,FI,2022-01-27 15:29:26,64.0833,24.55,29.32,98,100,1.59
435,Solnechnyy,RU,2022-01-27 15:29:26,50.7214,136.6319,-4.49,99,100,1.97
436,Forio,IT,2022-01-27 15:29:26,40.7342,13.8646,55.69,74,84,1.99
437,Venice,US,2022-01-27 15:29:27,27.0998,-82.4543,66.97,87,100,12.66
438,Omsukchan,RU,2022-01-27 15:29:27,62.5333,155.8,-22.07,100,100,7.63
439,Kaabong,UG,2022-01-27 15:29:27,3.4836,34.1492,78.35,23,99,14.47
440,Manaia,NZ,2022-01-27 15:29:28,-39.55,174.1333,58.3,65,0,8.21
441,Longyearbyen,SJ,2022-01-27 15:29:28,78.2186,15.6401,8.44,78,75,10.36
442,Mezen,RU,2022-01-27 15:29:28,65.8522,44.24,13.35,94,100,7.7
443,Aquiraz,BR,2022-01-27 15:29:28,-3.9014,-38.3911,83.21,98,45,8.9
444,Wanaka,NZ,2022-01-27 15:27:02,-44.7,169.15,49.1,72,73,1.01
445,Puerto Leguizamo,CO,2022-01-27 15:28:59,-0.1934,-74.7819,79.12,79,100,0.89
446,Graaff-Reinet,ZA,2022-01-27 15:29:29,-32.2522,24.5308,98.92,23,56,19.44
447,Farafangana,MG,2022-01-27 15:29:29,-22.8167,47.8333,75.9,73,11,8.3
448,Carutapera,BR,2022-01-27 15:29:29,-1.195,-46.02,78.76,91,78,8.57
449,Malanje,AO,2022-01-27 15:29:29,-9.5402,16.341,71.71,84,100,6.24
450,Dalbandin,PK,2022-01-27 15:29:30,28.8947,64.4101,54.28,25,0,5.57
451,Navahrudak,BY,2022-01-27 15:29:30,53.6,25.8333,31.32,98,100,14.83
452,Chon Buri,TH,2022-01-27 15:29:30,13.3,101.3,86.36,99,7,5.95
453,Pangoa,PE,2022-01-27 15:29:31,-12.1167,-73.0,75.61,81,100,0.76
454,Dongying,CN,2022-01-27 15:29:31,37.4564,118.4856,28.87,46,100,3.83
455,Lavrentiya,RU,2022-01-27 15:29:31,65.5833,-171.0,-13.97,79,19,1.88
456,Garissa,KE,2022-01-27 15:29:31,-0.4536,39.6401,93.24,28,10,9.22
457,Tandalti,SD,2022-01-27 15:29:32,13.0167,31.8667,80.71,13,49,18.14
458,Atyrau,KZ,2022-01-27 15:29:31,47.1167,51.8833,21.22,86,75,11.18
459,Lauda-Konigshofen,DE,2022-01-27 15:29:32,49.5653,9.7042,36.64,80,100,17.63
460,Boca Do Acre,BR,2022-01-27 15:30:32,-8.7522,-67.3978,84.65,75,100,2.08
461,Subotica,RS,2022-01-27 15:30:33,46.1,19.6667,33.71,86,97,7.7
462,Luwuk,ID,2022-01-27 15:30:33,-0.9516,122.7875,77.5,89,72,3.27
463,Sanmenxia,CN,2022-01-27 15:30:33,34.7747,111.1814,32.27,92,100,3.51
464,La Ronge,CA,2022-01-27 15:30:34,55.1001,-105.2842,-12.78,76,40,4.61
465,Baykit,RU,2022-01-27 15:30:34,61.67,96.37,-18.78,100,54,1.23
466,Esna,EG,2022-01-27 15:30:34,25.2934,32.554,53.17,29,0,12.53
467,Mastic Beach,US,2022-01-27 15:30:35,40.7668,-72.8521,27.12,47,0,0.0
468,Piranhas,BR,2022-01-27 15:30:35,-16.4269,-51.8222,81.09,74,100,8.01
469,Susanville,US,2022-01-27 15:27:26,40.4163,-120.653,17.44,100,3,3.44
470,Arvin,US,2022-01-27 15:30:36,35.2091,-118.8284,57.4,32,0,4.59
471,Muisne,EC,2022-01-27 15:30:36,0.6,-80.0333,77.11,83,100,1.3
472,Sangar,RU,2022-01-27 15:30:36,63.9242,127.4739,-23.96,97,76,0.85
473,Puerto Colombia,CO,2022-01-27 15:30:36,10.9878,-74.9547,86.09,70,98,16.6
474,Upington,ZA,2022-01-27 15:30:37,-28.4478,21.2561,98.98,15,20,4.61
475,Tilichiki,RU,2022-01-27 15:30:37,60.4667,166.1,26.2,86,100,30.6
476,Geraldton,AU,2022-01-27 15:30:37,-28.7667,114.6,73.81,73,0,19.57
477,Kipini,KE,2022-01-27 15:30:38,-2.5257,40.5262,80.89,79,4,15.46
478,Nuristan,AF,2022-01-27 15:30:38,35.3,70.8333,3.67,50,1,13.42
479,Maumere,ID,2022-01-27 15:30:38,-8.6199,122.2111,80.02,85,100,6.78
480,Port-Gentil,GA,2022-01-27 15:30:39,-0.7193,8.7815,81.32,74,100,7.81
481,Emba,KZ,2022-01-27 15:30:39,48.8264,58.1442,15.22,88,100,9.15
482,West Helena,US,2022-01-27 15:30:39,34.5507,-90.6418,34.95,32,92,0.96
483,Lata,PT,2022-01-27 15:30:40,40.1629,-8.3327,65.48,42,13,7.36
484,Gobabis,NA,2022-01-27 15:30:40,-22.45,18.9667,87.04,24,82,15.12
485,Guayanilla,PR,2022-01-27 15:30:40,18.0191,-66.7918,84.85,68,1,4.0
486,Havre,FR,2022-01-27 15:30:40,49.5833,0.3333,46.35,100,100,16.11
487,Isla Mujeres,MX,2022-01-27 15:30:41,21.2311,-86.731,77.05,80,10,6.6
488,Krasnoselkup,RU,2022-01-27 15:30:41,65.7,82.4667,-1.05,95,100,15.03
489,Nhulunbuy,AU,2022-01-27 15:30:41,-12.2333,136.7667,83.01,83,40,11.5
490,Cabedelo,BR,2022-01-27 15:30:41,-6.9811,-34.8339,81.27,69,33,9.73
491,Bend,US,2022-01-27 15:30:35,44.0582,-121.3153,24.66,93,100,0.0
492,Tamala,RU,2022-01-27 15:30:42,52.541,43.2515,6.03,99,86,3.98
493,Dzhankoy,UA,2022-01-27 15:30:42,45.7167,34.4,22.08,90,82,5.01
494,Honningsvag,NO,2022-01-27 15:30:42,70.9821,25.9704,26.35,80,20,16.11
495,Vetlanda,SE,2022-01-27 15:30:43,57.4289,15.0776,39.07,95,100,15.57
496,Egvekinot,RU,2022-01-27 15:27:36,66.3167,-179.1667,-12.26,97,99,1.83
497,Tres Barras,BR,2022-01-27 15:30:43,-26.1064,-50.3222,69.87,99,100,1.66
498,Santa Maria,BR,2022-01-27 15:30:43,-29.6842,-53.8069,74.5,88,100,5.75
499,Waconia,US,2022-01-27 15:26:54,44.8508,-93.7869,30.29,91,96,11.54
500,Caravelas,BR,2022-01-27 15:30:43,-17.7125,-39.2481,86.49,56,100,7.47
501,Wahiawa,US,2022-01-27 15:30:44,21.5028,-158.0236,64.72,87,0,0.0
502,Mata,PT,2022-01-27 15:30:44,40.683,-7.4592,60.6,54,0,8.48
503,Nemuro,JP,2022-01-27 15:30:44,43.3236,145.575,22.08,75,64,12.64
504,Gisborne,NZ,2022-01-27 15:29:56,-38.6533,178.0042,58.95,70,43,10.27
505,Thiruvananthapuram,IN,2022-01-27 15:30:45,8.4833,76.9167,84.18,74,20,4.61
506,Karasjok,NO,2022-01-27 15:31:45,69.4719,25.5112,17.71,98,100,2.28
507,Khani,GE,2022-01-27 15:31:45,41.9563,42.9566,29.77,97,99,2.53
508,Nanortalik,GL,2022-01-27 15:31:45,60.1432,-45.2371,24.31,70,93,29.75
509,Suntar,RU,2022-01-27 15:31:46,62.1444,117.6319,-7.17,93,30,7.18
510,Bulungu,CD,2022-01-27 15:31:46,-4.55,18.6,83.03,63,65,1.03
511,Pochutla,MX,2022-01-27 15:31:46,15.7432,-96.4661,81.82,53,0,4.54
512,Hermitage,US,2022-01-27 15:31:47,41.2334,-80.4487,18.97,62,40,3.0
513,Mindelo,CV,2022-01-27 15:31:47,16.8901,-24.9804,72.95,56,75,33.38
514,Saint Anthony,US,2022-01-27 15:31:47,45.0205,-93.218,30.15,74,100,12.66
515,Vega De Alatorre,MX,2022-01-27 15:31:47,20.0333,-96.6333,66.45,90,100,7.38
516,Aksarka,RU,2022-01-27 15:31:48,66.5606,67.7975,-4.95,100,95,6.8
517,Puerto Baquerizo Moreno,EC,2022-01-27 15:31:48,-0.9,-89.6,77.99,78,75,12.66
518,Namibe,AO,2022-01-27 15:30:05,-15.1961,12.1522,79.47,73,20,13.51
519,Statesville,US,2022-01-27 15:31:48,35.7826,-80.8873,33.71,54,0,0.0
520,Oussouye,SN,2022-01-27 15:31:49,12.485,-16.5469,96.98,16,39,5.01
521,Port Hawkesbury,CA,2022-01-27 15:31:49,45.6169,-61.3485,19.18,86,100,7.0
522,Lucea,JM,2022-01-27 15:31:49,18.451,-78.1736,82.26,68,13,12.08
523,Huarmey,PE,2022-01-27 15:31:49,-10.0681,-78.1522,75.38,75,85,11.1
524,Costinesti,RO,2022-01-27 15:31:50,43.95,28.6333,41.02,66,62,9.13
525,Sola,VU,2022-01-27 15:31:50,-13.8833,167.55,81.99,78,100,22.41
526,Senanga,ZM,2022-01-27 15:31:50,-16.1167,23.2667,69.37,90,100,6.46
527,Roma,US,2022-01-27 15:30:03,43.2128,-75.4557,19.83,68,0,10.36
528,Tuburan,PH,2022-01-27 15:31:51,6.6439,122.2736,78.89,78,91,4.36
529,Kahului,US,2022-01-27 15:27:15,20.8947,-156.47,74.84,76,0,5.75
530,Sredniy Ikorets,RU,2022-01-27 15:31:51,51.0675,39.7584,4.86,100,88,2.62
531,Kaiu,EE,2022-01-27 15:31:51,59.0129,25.0551,33.39,98,100,8.95
532,Laguna,US,2022-01-27 15:31:51,38.421,-121.4238,49.96,92,0,3.44
533,Invermere,CA,2022-01-27 15:31:52,50.5167,-116.0354,6.37,96,90,1.01
534,Humaita,BR,2022-01-27 15:31:52,-7.5061,-63.0208,83.14,75,99,3.56
535,Den Helder,NL,2022-01-27 15:31:52,52.9599,4.7593,48.94,83,20,17.0
536,Port Hardy,CA,2022-01-27 15:30:35,50.6996,-127.4199,36.75,100,20,3.44
537,Nurobod,UZ,2022-01-27 15:31:53,40.9056,69.8023,34.65,29,0,11.9
538,Mandalgovi,MN,2022-01-27 15:31:53,45.7625,106.2708,3.85,54,0,5.79
539,Bugiri,UG,2022-01-27 15:31:53,0.5714,33.7417,75.96,54,98,7.38
540,Sawakin,SD,2022-01-27 15:31:54,19.1059,37.3321,70.27,61,99,18.45
541,Shellbrook,CA,2022-01-27 15:31:54,53.2168,-106.4011,-19.17,99,100,5.75
542,Estelle,US,2022-01-27 15:31:54,29.8458,-90.1067,50.0,58,75,8.05
543,Ruidoso,US,2022-01-27 15:30:11,33.3317,-105.673,35.92,55,0,6.91
544,Manikganj,BD,2022-01-27 15:31:55,23.8553,90.0125,67.98,51,0,7.96
545,Dongsheng,CN,2022-01-27 15:31:55,39.8161,109.9776,16.41,38,100,5.73
546,Dawei,MM,2022-01-27 15:31:55,14.0833,98.2,72.54,66,2,3.31
547,Tarauaca,BR,2022-01-27 15:31:55,-8.1614,-70.7656,90.81,49,72,3.87
548,Xingtai,CN,2022-01-27 15:27:27,37.0631,114.4942,31.53,60,100,2.98
549,Uglovskoye,RU,2022-01-27 15:31:56,51.3557,80.1942,-4.7,99,49,5.23
550,Kouango,CF,2022-01-27 15:31:56,4.9934,19.9619,98.22,13,51,5.17
551,Fuxin,CN,2022-01-27 15:31:56,42.0156,121.6589,12.11,53,0,3.6
552,Batagay-Alyta,RU,2022-01-27 15:31:56,67.8006,130.4114,-15.88,90,90,4.27
553,Hof,DE,2022-01-27 15:32:57,50.3167,11.9167,31.48,94,100,14.97
554,Yasnogorsk,RU,2022-01-27 15:32:57,54.4803,37.6975,8.65,97,95,8.7
555,Koson,UZ,2022-01-27 15:32:58,39.0375,65.585,50.32,25,70,9.84
556,Swellendam,ZA,2022-01-27 15:29:29,-34.0226,20.4417,73.78,58,21,11.83
557,Port Augusta,AU,2022-01-27 15:32:58,-32.5,137.7667,81.72,74,65,16.46
558,Flinders,AU,2022-01-27 15:32:58,-34.5833,150.8552,71.8,90,45,8.59
559,Preston,GB,2022-01-27 15:29:22,53.7667,-2.7167,51.75,82,75,1.01
560,Kirakira,SB,2022-01-27 15:32:58,-10.4544,161.9205,76.8,92,100,7.85
561,Lithgow,AU,2022-01-27 15:32:59,-33.4833,150.15,61.11,98,31,2.35
562,Herat,AF,2022-01-27 15:32:59,34.5,62.0,47.46,41,20,5.82
563,Mapiri,BO,2022-01-27 15:32:59,-15.25,-68.1667,84.31,63,100,0.78
564,Moose Factory,CA,2022-01-27 15:33:00,51.2585,-80.6094,-0.4,65,100,17.27
565,Halifax,CA,2022-01-27 15:29:10,44.6453,-63.5724,12.2,68,20,3.0
566,Askiz,RU,2022-01-27 15:33:00,53.1319,90.5264,-1.12,94,77,2.68
567,Wamba,NG,2022-01-27 15:33:00,8.9333,8.6,94.28,11,66,8.79
